CGPA,Technical_Skills_Score,Internship_Experience,Aptitude_Score,Placement
8.71,65.1,0,77.3,Placed
7.11,83.0,1,95.5,Placed
9.12,91.9,1,58.4,Placed
8.35,80.4,1,61.8,Placed
5.45,95.7,0,86.2,Placed
9.68,84.3,1,66.9,Placed
8.65,89.6,0,81.4,Placed
8.77,42.2,1,64.0,Placed
5.61,81.1,0,48.6,Placed
7.16,62.7,0,81.9,Placed
6.78,69.8,1,43.3,Placed
9.45,76.2,0,47.5,Placed
8.09,96.1,1,74.5,Placed
8.95,97.0,1,82.1,Placed
7.13,53.2,0,91.4,Placed
6.09,81.2,0,52.2,Placed
7.66,82.2,1,42.0,Placed
5.31,56.8,0,95.2,Not Placed
8.97,42.8,0,44.7,Not Placed
8.03,37.6,0,47.5,Not Placed
8.64,84.0,0,53.4,Placed
6.7,65.9,1,68.4,Placed
9.66,97.1,0,90.6,Placed
9.29,64.3,1,82.9,Placed
8.74,96.6,0,79.6,Placed
5.93,60.9,1,46.0,Not Placed
7.24,85.0,0,57.5,Placed
5.21,40.3,0,65.1,Not Placed
5.74,70.0,1,44.3,Not Placed
8.28,85.5,0,52.2,Placed
8.57,93.3,0,54.4,Placed
9.64,86.8,1,43.0,Placed
6.56,37.3,0,69.7,Not Placed
6.78,58.5,0,79.4,Placed
7.25,38.1,0,39.4,Not Placed
5.91,41.9,1,65.3,Placed
5.62,77.5,1,84.3,Placed
7.28,79.9,1,82.1,Placed
6.09,83.7,1,86.3,Placed
8.22,89.5,0,63.2,Placed
7.1,81.6,0,86.7,Placed
9.0,85.5,0,50.2,Placed
8.36,38.1,0,57.7,Placed
6.5,49.8,0,46.1,Not Placed
8.99,74.2,1,64.5,Placed
8.86,89.1,1,59.7,Placed
6.86,35.3,1,50.2,Placed
6.38,67.4,1,82.4,Placed
8.28,77.7,1,54.8,Placed
5.67,36.9,0,52.2,Not Placed
5.96,60.3,1,43.2,Placed
5.04,91.4,1,62.6,Placed
8.78,77.3,0,54.1,Placed
8.19,50.0,0,58.3,Not Placed
8.38,88.7,1,49.9,Placed
8.75,56.9,0,83.1,Placed
7.2,88.8,1,93.6,Placed
7.73,53.8,1,66.4,Placed
5.67,72.2,0,75.5,Placed
5.55,60.0,0,89.6,Placed
8.21,52.3,0,97.9,Placed
7.26,90.9,0,73.7,Placed
7.71,46.8,0,91.1,Placed
8.67,40.3,1,92.2,Placed
8.05,56.5,0,84.9,Placed
7.66,80.2,0,64.0,Placed
7.68,85.9,0,40.1,Placed
6.46,97.9,1,36.0,Placed
5.15,53.7,0,65.1,Not Placed
7.1,60.7,0,66.1,Placed
6.03,43.6,1,60.7,Placed
6.96,71.2,0,70.8,Placed
9.1,97.8,0,69.8,Placed
6.12,79.2,0,87.7,Placed
5.28,72.5,0,41.8,Not Placed
6.35,59.7,0,49.2,Placed
6.41,92.7,1,85.0,Placed
8.18,66.3,0,88.4,Placed
7.67,43.5,0,97.7,Placed
8.76,58.0,0,90.0,Placed
8.19,39.2,1,91.1,Placed
6.95,47.7,1,54.8,Placed
8.91,36.1,0,60.3,Placed
5.8,63.6,0,51.9,Placed
5.11,75.0,0,73.2,Placed
5.43,56.6,0,94.1,Placed
8.47,61.5,0,56.7,Placed
7.22,95.4,0,70.1,Placed
5.77,82.4,1,53.7,Placed
7.41,69.1,0,45.7,Placed
5.73,52.9,0,47.3,Not Placed
8.34,91.5,0,38.7,Placed
7.14,49.8,1,94.8,Placed
6.83,55.5,1,60.4,Placed
6.45,92.3,0,87.5,Placed
8.03,68.4,0,77.9,Placed
6.74,81.8,1,47.1,Placed
5.42,72.2,1,46.1,Placed
5.57,76.2,0,86.2,Not Placed
9.62,53.9,1,51.7,Placed
9.36,50.2,1,92.5,Placed
8.36,55.3,0,43.8,Placed
6.28,44.8,1,77.7,Placed
9.65,90.1,0,86.3,Placed
8.74,52.8,0,49.8,Placed
8.44,70.4,0,52.4,Placed
7.16,84.9,0,95.8,Placed
6.31,84.4,1,51.7,Placed
5.46,62.6,0,62.1,Placed
9.33,65.0,0,62.2,Placed
7.19,97.7,0,50.9,Placed
5.97,77.5,1,83.9,Placed
6.47,86.3,1,83.6,Placed
7.78,91.9,1,58.8,Placed
5.85,84.6,0,87.6,Placed
9.11,46.7,1,48.4,Placed
8.64,70.4,1,35.3,Placed
8.45,41.4,1,71.0,Placed
7.07,76.1,0,97.6,Placed
8.01,95.2,1,37.4,Placed
7.8,67.3,0,48.1,Placed
8.12,62.3,0,67.7,Placed
5.41,37.3,0,86.0,Not Placed
7.0,95.5,0,40.6,Placed
5.2,41.5,0,59.9,Not Placed
7.37,37.6,0,82.1,Not Placed
6.58,50.5,0,58.4,Placed
5.69,39.1,1,46.9,Not Placed
5.5,63.7,0,47.3,Not Placed
7.82,67.5,1,60.8,Placed
5.82,54.7,1,65.2,Not Placed
9.44,38.2,1,89.3,Placed
7.79,42.0,1,75.5,Placed
6.66,59.2,0,78.5,Not Placed
7.84,38.8,1,96.9,Placed
5.11,79.0,1,60.9,Placed
9.6,48.0,0,60.4,Placed
7.32,54.0,0,93.2,Placed
8.76,59.8,1,50.5,Placed
5.4,61.2,0,81.0,Not Placed
7.34,35.1,0,82.5,Placed
7.36,42.1,1,41.2,Not Placed
9.5,89.4,1,64.5,Placed
7.74,35.1,0,47.6,Not Placed
7.27,67.0,1,46.7,Placed
6.28,65.8,0,64.2,Not Placed
6.59,56.0,1,53.2,Placed
7.5,62.2,1,85.2,Placed
7.11,84.2,0,92.2,Placed
5.1,88.0,0,85.6,Placed
8.97,51.4,1,51.8,Placed
9.3,55.3,0,52.3,Placed
5.67,50.3,0,51.0,Not Placed
7.66,65.2,0,43.5,Placed
5.52,78.0,1,94.5,Placed
8.23,49.4,0,60.3,Placed
6.35,55.8,1,49.2,Placed
8.17,93.6,1,88.3,Placed
8.49,38.1,0,60.1,Placed
8.69,64.0,1,37.2,Placed
5.52,79.8,1,45.2,Not Placed
9.4,44.5,0,75.3,Placed
6.11,38.0,1,84.3,Placed
5.18,43.7,0,48.3,Not Placed
7.66,92.9,0,92.8,Placed
6.78,35.6,0,88.6,Not Placed
8.98,46.9,1,88.4,Placed
8.88,37.0,1,49.3,Placed
6.52,42.0,0,38.2,Not Placed
9.57,74.1,1,89.6,Placed
6.4,50.2,1,54.3,Not Placed
7.47,70.9,1,74.0,Placed
6.23,72.2,1,82.9,Placed
9.49,88.5,0,43.1,Placed
5.79,35.3,1,84.2,Placed
5.22,88.8,0,94.1,Placed
7.09,74.0,0,80.9,Placed
9.76,45.3,0,62.8,Placed
9.28,83.7,1,90.2,Placed
8.59,88.9,1,68.2,Placed
9.28,51.0,0,81.9,Placed
9.29,92.9,0,86.7,Placed
7.49,63.6,0,82.2,Placed
6.52,73.0,1,53.1,Placed
8.71,97.0,0,42.4,Placed
8.18,57.8,1,50.0,Placed
6.79,86.2,0,66.7,Placed
5.45,55.1,0,66.8,Not Placed
8.58,85.4,1,71.7,Placed
6.26,72.8,0,59.9,Placed
9.5,48.6,0,84.6,Placed
6.16,61.1,0,92.5,Not Placed
5.59,55.0,1,50.5,Not Placed
8.99,39.9,0,81.4,Placed
5.74,36.9,0,77.7,Not Placed
5.86,56.8,0,68.0,Placed
7.88,36.2,1,46.9,Not Placed
9.2,45.4,1,85.1,Placed
5.94,80.7,1,95.5,Placed
6.49,79.6,0,80.5,Not Placed
8.73,81.5,1,92.8,Placed
9.66,55.0,0,97.0,Placed
7.4,91.1,1,57.2,Placed
5.69,72.4,1,75.2,Placed
5.07,42.9,1,64.9,Placed
6.1,44.1,1,97.2,Placed
5.63,78.7,1,40.9,Not Placed
8.25,45.9,0,61.0,Not Placed
5.58,67.0,1,90.2,Placed
7.43,97.5,1,52.9,Placed
8.33,35.3,1,84.6,Placed
7.79,36.0,1,59.1,Placed
5.96,97.6,0,96.7,Placed
8.86,71.8,1,90.7,Placed
8.43,43.0,0,54.0,Not Placed
8.55,91.5,1,83.5,Placed
5.63,90.5,1,56.2,Placed
5.59,68.8,0,73.2,Not Placed
9.45,74.2,1,76.5,Placed
6.91,52.2,1,87.3,Placed
6.44,38.2,1,36.5,Not Placed
7.35,72.5,0,48.9,Not Placed
8.18,53.6,0,79.9,Placed
9.59,76.8,1,70.5,Placed
6.37,87.7,1,66.2,Placed
9.44,36.1,1,38.5,Not Placed
5.12,72.5,1,56.9,Placed
7.66,49.6,0,89.5,Placed
8.04,90.1,1,36.9,Placed
5.51,51.0,0,60.0,Not Placed
5.67,73.5,1,94.5,Placed
7.01,69.9,1,38.2,Placed
9.64,60.0,1,82.2,Placed
7.86,77.7,1,51.2,Placed
9.48,80.7,0,89.6,Placed
8.86,70.7,0,82.0,Placed
7.24,82.8,0,90.8,Placed
8.77,97.0,1,48.6,Placed
5.09,61.4,0,68.5,Placed
5.52,67.4,1,84.1,Placed
8.98,35.8,0,50.5,Placed
8.82,85.1,0,49.5,Placed
6.12,67.8,0,36.7,Placed
7.55,60.7,0,95.4,Placed
7.91,40.9,0,79.7,Placed
9.17,91.0,0,75.0,Placed
7.89,59.9,1,81.9,Placed
6.98,78.0,1,68.5,Placed
6.8,44.4,1,65.0,Not Placed
7.04,95.6,0,63.3,Placed
8.13,46.2,1,75.3,Placed
9.16,47.6,1,47.7,Placed
7.18,89.1,1,90.9,Placed
6.19,92.5,0,86.1,Placed
6.14,48.4,1,57.0,Placed
8.58,64.6,1,71.5,Placed
8.92,81.2,0,43.9,Placed
5.51,90.3,0,96.3,Placed
5.32,58.9,1,91.9,Placed
7.85,67.6,0,93.1,Placed
5.7,81.7,0,55.9,Placed
8.96,81.1,1,45.7,Placed
6.49,84.3,0,48.3,Placed
5.69,70.9,0,40.7,Not Placed
9.42,41.6,0,42.6,Placed
5.79,92.0,1,39.5,Placed
6.37,89.5,0,97.4,Placed
5.74,85.3,1,39.7,Placed
5.55,41.3,0,43.4,Not Placed
5.1,47.9,1,87.1,Placed
5.27,81.8,1,71.6,Not Placed
5.84,36.5,1,83.8,Placed
5.26,96.7,1,74.7,Not Placed
7.84,58.8,0,90.6,Placed
8.27,80.3,1,75.2,Placed
6.89,90.9,1,67.9,Placed
6.53,59.9,1,79.9,Placed
7.42,55.1,1,63.2,Placed
9.2,73.4,1,56.8,Placed
9.09,71.6,0,64.5,Placed
5.21,60.8,0,45.7,Not Placed
5.87,72.9,0,85.2,Placed
6.14,93.9,0,51.4,Placed
6.2,64.5,1,44.7,Placed
7.74,47.4,1,50.5,Placed
7.0,58.8,0,88.1,Placed
5.24,59.8,0,55.8,Placed
6.79,43.3,1,78.2,Placed
7.51,45.3,1,89.0,Placed
5.49,78.1,1,39.9,Placed
9.0,56.4,1,83.2,Placed
5.25,95.2,1,54.4,Placed
9.44,50.3,1,48.6,Placed
5.48,41.2,0,78.4,Not Placed
9.05,82.5,1,92.3,Placed
9.33,90.5,0,53.6,Placed
9.7,52.5,0,70.8,Placed
8.85,47.7,0,53.3,Placed
8.74,46.7,0,69.9,Placed
8.08,67.9,0,74.2,Placed
8.74,64.5,1,73.5,Placed
5.65,51.3,1,74.3,Not Placed
7.57,37.8,0,43.5,Not Placed
7.47,65.3,1,78.7,Placed
9.12,95.4,0,77.5,Placed
7.22,76.1,0,78.0,Placed
6.85,66.2,1,39.7,Placed
8.07,42.0,0,63.2,Not Placed
6.28,50.9,1,60.8,Placed
5.67,53.6,1,40.5,Placed
7.29,83.2,0,49.0,Placed
7.0,90.2,0,62.8,Placed
6.12,91.8,1,81.8,Placed
6.76,97.0,1,49.9,Placed
6.76,96.9,1,87.3,Placed
6.57,95.0,0,69.4,Placed
6.82,39.5,0,82.9,Not Placed
8.29,43.7,1,64.8,Placed
6.43,54.2,1,66.4,Placed
9.55,69.8,0,74.0,Placed
9.4,41.1,1,93.5,Placed
7.31,88.3,1,66.0,Placed
6.58,73.9,0,68.3,Placed
7.57,69.2,0,72.9,Placed
9.07,45.4,1,81.5,Placed
8.13,51.0,1,39.5,Placed
8.86,45.1,0,67.5,Placed
7.56,88.7,0,65.3,Placed
8.04,71.8,1,93.1,Placed
6.38,81.3,0,66.1,Placed
8.53,53.7,1,64.5,Placed
5.97,58.4,1,95.6,Placed
8.34,60.5,1,63.4,Placed
9.13,82.9,0,46.4,Placed
5.63,83.7,0,48.7,Placed
7.95,48.0,0,41.0,Not Placed
5.46,94.3,1,35.0,Not Placed
8.48,42.6,0,62.2,Placed
5.41,91.5,0,83.5,Not Placed
9.49,41.3,0,81.2,Placed
5.66,51.7,0,37.0,Not Placed
9.6,88.3,0,70.9,Placed
8.84,46.3,1,44.7,Placed
7.85,61.1,1,94.3,Placed
8.76,63.3,0,45.5,Placed
8.82,50.5,0,74.5,Placed
9.54,79.7,0,55.6,Placed
6.22,88.6,1,75.4,Placed
7.83,90.1,0,61.0,Placed
5.46,56.4,1,82.9,Placed
7.96,68.4,0,49.5,Placed
5.82,50.6,0,92.1,Not Placed
7.71,50.4,1,66.5,Placed
7.75,45.2,1,82.6,Placed
7.24,94.2,1,88.5,Placed
7.51,90.9,1,97.9,Placed
8.67,84.0,1,49.1,Placed
8.84,67.6,1,53.1,Placed
7.36,65.9,0,50.8,Not Placed
7.88,68.4,0,51.6,Not Placed
9.47,68.8,0,71.7,Placed
5.57,62.4,0,97.6,Placed
5.56,43.3,0,97.4,Not Placed
5.42,42.9,0,68.2,Not Placed
8.16,95.0,0,75.3,Placed
7.01,65.4,1,89.2,Placed
8.72,95.1,0,93.8,Placed
8.22,45.3,1,47.8,Placed
6.6,69.9,0,68.3,Placed
9.31,48.1,1,87.5,Placed
8.66,51.0,1,54.1,Placed
6.3,36.9,0,62.7,Placed
6.75,42.5,0,97.1,Placed
6.51,92.8,1,97.1,Placed
5.76,55.3,1,92.1,Placed
5.71,73.3,0,85.3,Placed
9.49,64.3,1,52.0,Placed
7.1,60.2,1,55.2,Placed
6.84,68.5,0,69.5,Not Placed
8.5,46.8,0,70.3,Placed
7.65,97.3,0,66.8,Placed
9.49,86.6,1,75.1,Placed
8.75,81.7,1,60.7,Placed
7.3,64.5,1,82.2,Placed
6.81,44.6,1,56.0,Placed
9.74,93.0,0,55.8,Placed
8.45,56.5,0,43.0,Placed
9.57,38.2,0,46.9,Placed
5.57,56.6,0,88.6,Not Placed
9.08,85.1,1,63.1,Placed
8.06,74.2,1,49.4,Placed
5.59,82.3,0,82.8,Placed
7.82,85.0,1,69.9,Placed
8.29,48.4,1,36.3,Placed
5.06,93.2,0,54.9,Placed
7.18,62.6,1,46.2,Placed
8.96,75.3,1,76.3,Placed
6.42,35.1,1,52.3,Not Placed
7.2,97.6,1,39.1,Placed
7.12,52.7,0,38.5,Not Placed
6.45,38.9,1,71.6,Placed
9.41,63.9,0,36.4,Placed
8.75,43.1,1,88.5,Placed
5.53,44.6,0,44.8,Not Placed
9.79,74.8,0,73.2,Placed
9.22,59.8,1,63.0,Placed
6.36,93.1,0,62.9,Not Placed
9.02,55.1,0,39.5,Not Placed
5.51,80.7,1,85.6,Placed
9.8,64.0,0,91.3,Placed
8.2,76.6,1,35.7,Placed
8.12,72.8,0,46.3,Placed
5.43,64.8,0,91.9,Not Placed
9.31,94.9,1,69.6,Placed
5.14,56.6,0,44.5,Not Placed
6.16,46.2,0,47.8,Not Placed
5.69,77.7,1,76.6,Placed
8.73,88.3,1,80.7,Placed
5.95,37.5,0,72.8,Not Placed
9.37,63.3,1,95.0,Placed
8.15,91.2,1,66.1,Placed
5.17,82.2,1,53.9,Placed
5.03,97.5,0,65.1,Not Placed
5.25,68.5,1,57.7,Placed
7.91,76.6,1,49.1,Placed
8.85,54.1,1,37.9,Placed
6.15,94.7,0,57.2,Placed
9.08,58.1,1,79.8,Placed
5.27,81.5,1,36.2,Placed
8.84,60.4,0,62.7,Placed
9.45,70.4,1,75.6,Placed
8.71,80.3,1,73.5,Placed
8.35,67.1,0,83.9,Placed
9.02,92.1,1,86.1,Placed
5.19,61.4,0,79.8,Placed
5.97,75.8,1,41.5,Placed
5.6,56.6,1,64.9,Placed
7.42,60.7,1,73.0,Placed
8.58,62.7,0,50.5,Placed
8.02,42.9,1,37.7,Placed
9.09,40.8,0,49.1,Placed
5.75,77.1,1,63.7,Placed
8.53,76.3,1,61.1,Placed
5.93,76.8,0,46.1,Not Placed
6.3,36.2,0,86.9,Not Placed
8.41,55.6,0,93.3,Placed
9.7,47.5,1,47.7,Placed
7.94,84.0,0,93.6,Placed
5.26,89.2,0,36.1,Placed
7.96,50.5,0,93.3,Placed
5.2,77.1,0,95.0,Placed
9.24,43.1,0,35.8,Placed
8.41,52.3,0,83.1,Placed
5.83,43.7,0,96.1,Placed
5.44,52.9,1,92.1,Placed
5.88,77.5,0,96.2,Placed
9.7,92.4,1,69.7,Placed
7.2,47.8,1,39.9,Placed
8.76,69.2,1,88.5,Placed
8.05,79.2,0,73.7,Placed
7.75,95.0,0,73.7,Placed
5.7,73.4,1,61.3,Placed
9.54,51.1,1,71.0,Placed
6.45,74.4,1,44.7,Placed
7.77,55.2,0,81.6,Placed
8.36,96.5,0,39.7,Placed
8.12,60.2,0,81.0,Placed
9.51,78.2,0,88.5,Placed
5.71,36.5,1,64.8,Not Placed
7.44,60.2,0,67.1,Not Placed
6.94,90.1,0,54.7,Placed
7.28,73.4,1,96.1,Placed
5.57,63.0,1,81.2,Placed
5.64,94.0,0,58.2,Placed
6.33,88.8,0,46.0,Placed
6.46,55.3,1,48.8,Placed
7.05,69.3,1,64.2,Placed
7.93,65.9,1,94.4,Placed
8.05,74.8,1,81.3,Placed
6.98,56.0,1,48.6,Placed
6.96,50.4,0,89.2,Placed
6.04,92.5,0,58.8,Placed
7.82,93.2,1,88.7,Placed
6.52,88.1,0,50.2,Not Placed
5.17,96.6,0,74.0,Placed
7.01,81.9,0,93.4,Placed
7.28,83.2,1,51.2,Placed
6.08,83.0,0,78.7,Placed
7.75,65.3,0,97.2,Placed
7.72,63.8,0,44.5,Placed
8.37,50.1,0,40.6,Placed
8.11,75.6,1,77.5,Placed
8.13,53.2,0,56.4,Placed
6.52,51.2,1,39.5,Placed
8.78,71.9,0,64.9,Placed
7.64,60.8,1,82.5,Placed
7.07,48.8,1,53.0,Not Placed
8.0,86.4,1,56.1,Placed
6.73,89.2,1,88.3,Placed
7.46,45.6,0,67.8,Not Placed
8.54,35.5,1,88.1,Placed
9.25,56.2,1,63.1,Placed
9.42,85.2,1,95.0,Placed
7.42,87.9,1,76.0,Placed
7.5,43.7,1,42.3,Placed
8.84,83.8,1,90.8,Placed
6.51,42.3,1,65.8,Placed
9.02,59.6,1,43.9,Placed
7.37,97.9,0,44.6,Placed
5.56,47.1,0,78.3,Placed
5.35,44.7,0,38.0,Not Placed
9.04,61.6,0,53.1,Placed
5.27,74.0,0,43.8,Not Placed
6.35,93.8,0,62.8,Placed
6.6,96.8,0,61.1,Not Placed
5.83,39.4,0,67.9,Not Placed
6.51,43.7,1,52.6,Placed
8.56,84.8,1,37.0,Placed
5.07,52.0,1,73.7,Placed
8.97,90.7,0,58.5,Placed
9.11,76.8,0,76.0,Placed
6.79,42.0,1,41.8,Placed
5.74,87.4,0,35.9,Not Placed
7.88,46.1,1,50.6,Placed
5.57,61.7,0,63.8,Placed
6.75,69.8,0,59.8,Placed
9.6,66.5,1,86.0,Placed
9.78,78.2,0,58.8,Placed
8.71,76.1,0,68.4,Placed
6.49,97.5,1,72.4,Placed
8.3,98.0,0,36.4,Placed
8.39,67.5,1,67.5,Placed
6.86,41.0,0,56.7,Not Placed
8.08,80.9,0,61.5,Placed
5.05,96.5,1,41.3,Placed
6.0,55.1,0,84.3,Placed
7.52,64.1,1,94.4,Placed
5.79,61.8,1,36.4,Placed
5.8,38.2,1,72.9,Placed
9.01,77.4,0,83.1,Placed
9.75,57.3,1,52.9,Placed
7.67,84.6,1,84.6,Placed
9.03,87.4,1,74.8,Placed
9.75,86.7,0,93.5,Placed
5.68,61.2,1,96.8,Not Placed
7.15,55.3,0,37.7,Placed
6.88,82.2,1,63.0,Placed
5.38,85.5,0,69.5,Placed
8.63,65.9,1,44.2,Placed
7.08,91.3,1,56.2,Placed
7.25,44.1,0,97.2,Placed
5.72,90.4,1,36.0,Placed
5.87,41.1,1,63.5,Not Placed
9.35,44.7,0,88.1,Placed
5.21,68.6,0,55.4,Not Placed
6.12,39.3,1,65.2,Not Placed
6.4,38.3,0,96.6,Not Placed
7.35,35.0,0,64.9,Placed
7.81,62.5,1,43.2,Placed
7.37,83.8,0,38.3,Placed
5.4,37.2,1,94.6,Not Placed
6.17,76.1,0,51.7,Not Placed
9.05,86.9,1,66.8,Placed
8.06,45.6,0,40.7,Placed
8.12,44.3,1,61.7,Placed
8.22,89.2,1,93.6,Placed
8.66,86.9,0,66.7,Placed
5.28,69.0,0,96.2,Not Placed
6.76,86.6,1,51.3,Placed
7.59,40.8,1,66.8,Placed
6.62,59.9,1,89.2,Placed
9.05,81.5,0,63.2,Placed
7.32,51.2,1,52.6,Placed
8.69,82.4,1,88.9,Placed
9.09,66.8,0,59.6,Placed
7.42,82.3,0,68.4,Placed
9.37,64.3,0,96.5,Placed
7.82,58.2,1,46.7,Placed
9.08,48.8,0,54.0,Placed
6.63,48.1,0,37.0,Not Placed
7.39,82.3,1,59.7,Placed
7.55,42.5,0,47.6,Placed
5.5,40.4,1,77.8,Not Placed
6.91,46.1,1,46.4,Placed
9.4,46.0,1,77.5,Placed
8.03,86.9,1,51.6,Placed
5.85,60.1,1,57.4,Placed
6.63,97.4,1,57.0,Placed
5.92,43.6,1,80.2,Not Placed
5.12,76.2,0,64.4,Not Placed
9.45,63.3,0,57.8,Placed
7.15,59.8,1,88.7,Placed
6.48,90.1,0,71.0,Placed
7.87,96.5,1,48.5,Placed
5.04,90.0,1,91.7,Placed
6.33,47.1,1,56.6,Placed
8.37,48.9,0,37.5,Not Placed
8.04,76.3,0,66.2,Not Placed
9.71,53.2,0,42.8,Placed
7.98,81.3,1,50.0,Placed
